{
	"info": {
		"_postman_id": "e1066be6-b965-4639-b36a-ee152a2ac014",
		"name": "Documentations Api Workshop",
		"schema": "https://schema.getpostman.com/json/collection/v2.1.0/collection.json"
	},
	"item": [
		{
			"name": "Kategori Produk",
			"item": [
				{
					"name": "Tampil Semua Data Kategori Produk",
					"protocolProfileBehavior": {
						"disableBodyPruning": true
					},
					"request": {
						"method": "GET",
						"header": [],
						"body": {
							"mode": "urlencoded",
							"urlencoded": []
						},
						"url": {
							"raw": "http://127.0.0.1:8000/api/kategori-produk",
							"protocol": "http",
							"host": [
								"127",
								"0",
								"0",
								"1"
							],
							"port": "8000",
							"path": [
								"api",
								"kategori-produk"
							]
						}
					},
					"response": []
				},
				{
					"name": "Tampil Data Berdasarkan Kategori",
					"request": {
						"method": "GET",
						"header": [
							{
								"key": "Accept",
								"value": "application/json",
								"type": "default"
							},
							{
								"key": "Content-Type",
								"value": "application/json",
								"type": "default"
							}
						],
						"url": {
							"raw": "http://127.0.0.1:8000/api/kategori-produk/view/5",
							"protocol": "http",
							"host": [
								"127",
								"0",
								"0",
								"1"
							],
							"port": "8000",
							"path": [
								"api",
								"kategori-produk",
								"view",
								"5"
							]
						}
					},
					"response": []
				},
				{
					"name": "Input Data Kategori Produk",
					"request": {
						"method": "POST",
						"header": [
							{
								"key": "Accept",
								"value": "application/json",
								"type": "default"
							},
							{
								"key": "Content-Type",
								"value": "application/json",
								"type": "default"
							}
						],
						"body": {
							"mode": "formdata",
							"formdata": [
								{
									"key": "nama_kategori",
									"value": "anjeng",
									"type": "default"
								}
							]
						},
						"url": {
							"raw": "http://127.0.0.1:8000/api/kategori-produk/create",
							"protocol": "http",
							"host": [
								"127",
								"0",
								"0",
								"1"
							],
							"port": "8000",
							"path": [
								"api",
								"kategori-produk",
								"create"
							]
						}
					},
					"response": []
				},
				{
					"name": "Edit Data Kategori Produk",
					"request": {
						"method": "PUT",
						"header": [
							{
								"key": "Accept",
								"value": "application/json",
								"type": "default"
							},
							{
								"key": "Content-Type",
								"value": "application/json",
								"type": "default"
							}
						],
						"body": {
							"mode": "urlencoded",
							"urlencoded": [
								{
									"key": "nama_kategori",
									"value": "speakers",
									"type": "default"
								}
							]
						},
						"url": {
							"raw": "http://127.0.0.1:8000/api/kategori-produk/update/5",
							"protocol": "http",
							"host": [
								"127",
								"0",
								"0",
								"1"
							],
							"port": "8000",
							"path": [
								"api",
								"kategori-produk",
								"update",
								"5"
							]
						}
					},
					"response": []
				},
				{
					"name": "Delete Data Kategori Produk",
					"request": {
						"method": "DELETE",
						"header": [
							{
								"key": "Accept",
								"value": "application/json",
								"type": "default"
							},
							{
								"key": "Content-Type",
								"value": "application/json",
								"type": "default"
							}
						],
						"url": {
							"raw": "http://127.0.0.1:8000/api/kategori-produk/delete/5",
							"protocol": "http",
							"host": [
								"127",
								"0",
								"0",
								"1"
							],
							"port": "8000",
							"path": [
								"api",
								"kategori-produk",
								"delete",
								"5"
							]
						}
					},
					"response": []
				}
			]
		},
		{
			"name": "Produk",
			"item": [
				{
					"name": "Tampil Semua Data Produk",
					"request": {
						"method": "GET",
						"header": [],
						"url": {
							"raw": "http://127.0.0.1:8000/api/produk",
							"protocol": "http",
							"host": [
								"127",
								"0",
								"0",
								"1"
							],
							"port": "8000",
							"path": [
								"api",
								"produk"
							]
						}
					},
					"response": []
				},
				{
					"name": "Tampil Data Produk Berdasarkan Id",
					"request": {
						"method": "GET",
						"header": [
							{
								"key": "Accept",
								"value": "application/json",
								"type": "default"
							},
							{
								"key": "Content-Type",
								"value": "application/json",
								"type": "default"
							}
						],
						"url": {
							"raw": "http://127.0.0.1:8000/api/produk/view/1",
							"protocol": "http",
							"host": [
								"127",
								"0",
								"0",
								"1"
							],
							"port": "8000",
							"path": [
								"api",
								"produk",
								"view",
								"1"
							]
						}
					},
					"response": []
				},
				{
					"name": "Input Data Produk",
					"request": {
						"method": "POST",
						"header": [
							{
								"key": "Accept",
								"value": "application/json",
								"type": "default"
							},
							{
								"key": "Content-Type",
								"value": "application/json",
								"type": "default"
							}
						],
						"body": {
							"mode": "urlencoded",
							"urlencoded": [
								{
									"key": "kategori_id",
									"value": "1",
									"type": "default"
								},
								{
									"key": "nama_produk",
									"value": "HP Xiaomi Redmi 9c",
									"type": "default"
								},
								{
									"key": "jumlah_produk",
									"value": "4",
									"type": "default"
								}
							]
						},
						"url": {
							"raw": "http://127.0.0.1:8000/api/produk/create",
							"protocol": "http",
							"host": [
								"127",
								"0",
								"0",
								"1"
							],
							"port": "8000",
							"path": [
								"api",
								"produk",
								"create"
							]
						}
					},
					"response": []
				},
				{
					"name": "Edit Data Produk",
					"request": {
						"method": "PUT",
						"header": [
							{
								"key": "Accept",
								"value": "application/json",
								"type": "default"
							},
							{
								"key": "Content-Type",
								"value": "application/json",
								"type": "default"
							}
						],
						"body": {
							"mode": "urlencoded",
							"urlencoded": [
								{
									"key": "nama_produk",
									"value": "Hp Redmi Xiaomi 10",
									"type": "default"
								},
								{
									"key": "jumlah_produk",
									"value": "9",
									"type": "default"
								},
								{
									"key": "kategori_id",
									"value": "1",
									"type": "default"
								}
							]
						},
						"url": {
							"raw": "http://127.0.0.1:8000/api/produk/update/1",
							"protocol": "http",
							"host": [
								"127",
								"0",
								"0",
								"1"
							],
							"port": "8000",
							"path": [
								"api",
								"produk",
								"update",
								"1"
							]
						}
					},
					"response": []
				},
				{
					"name": "Delete Data Produk",
					"request": {
						"method": "DELETE",
						"header": [
							{
								"key": "Accept",
								"value": "application/json",
								"type": "default"
							},
							{
								"key": "Content-Type",
								"value": "application/json",
								"type": "default"
							}
						],
						"body": {
							"mode": "urlencoded",
							"urlencoded": []
						},
						"url": {
							"raw": "http://127.0.0.1:8000/api/produk/delete/1",
							"protocol": "http",
							"host": [
								"127",
								"0",
								"0",
								"1"
							],
							"port": "8000",
							"path": [
								"api",
								"produk",
								"delete",
								"1"
							]
						}
					},
					"response": []
				}
			]
		}
	]
}